time,tvl
2020-12-19 23:00:00,1484680.72849
2020-12-20 23:00:00,2697598.31238
2020-12-21 23:00:00,3410253.51673
2020-12-22 23:00:00,4563625.91954
2020-12-23 23:00:00,4661610.56222
2020-12-24 23:00:00,5347131.75568
2020-12-25 23:00:00,7325073.36246
2020-12-26 23:00:00,7408641.78488
2020-12-27 23:00:00,8347237.65185
2020-12-28 23:00:00,11344171.90247
2020-12-29 23:00:00,11765090.7736
2020-12-30 23:00:00,12119912.52031
2020-12-31 23:00:00,12582167.78503
2021-01-01 23:00:00,12543454.04058
2021-01-02 23:00:00,12514881.97905
2021-01-03 23:00:00,14195762.01033
2021-01-04 23:00:00,16274684.16131
2021-01-05 23:00:00,18325628.49595
2021-01-06 23:00:00,20965573.74739
2021-01-07 23:00:00,22570112.84021
2021-01-08 23:00:00,25529569.34146
2021-01-09 23:00:00,26299896.12438
2021-01-10 23:00:00,33624539.75085
2021-01-11 23:00:00,28869701.74878
2021-01-12 23:00:00,30663261.6134
2021-01-13 23:00:00,50094240.95444
2021-01-14 23:00:00,73598480.99317
2021-01-15 23:00:00,81861176.08144
2021-01-16 23:00:00,85283818.30064
2021-01-17 23:00:00,86160071.78733
2021-01-18 23:00:00,87391374.57902
2021-01-19 23:00:00,99335242.45683
2021-01-20 23:00:00,100287613.82475
2021-01-21 23:00:00,96701078.6819
2021-01-22 23:00:00,92488787.17936
2021-01-23 23:00:00,110569488.76507
2021-01-24 23:00:00,121085410.26798
2021-01-25 23:00:00,127510734.0933
2021-01-26 23:00:00,127250330.17263
2021-01-27 23:00:00,126687251.18967
2021-01-28 23:00:00,130256710.6862
2021-01-29 23:00:00,137228376.25097
2021-01-30 23:00:00,135996393.48543
2021-01-31 23:00:00,142145275.28993
2021-02-01 23:00:00,142743932.61414
2021-02-02 23:00:00,167649885.67911
2021-02-03 23:00:00,192995719.61086
2021-02-04 23:00:00,207027159.7508
2021-02-05 23:00:00,211317161.2248
2021-02-06 23:00:00,222659990.38239
2021-02-07 23:00:00,223083142.25739
2021-02-08 23:00:00,226682734.51524
2021-02-09 23:00:00,244636373.57562
2021-02-10 23:00:00,258690801.88511
2021-02-11 23:00:00,257373193.4634
2021-02-12 23:00:00,255301490.07437
2021-02-13 23:00:00,261404596.6881
2021-02-14 23:00:00,300220386.89155
2021-02-15 23:00:00,289892552.51457
2021-02-16 23:00:00,294701079.79073
2021-02-17 23:00:00,298817631.43702
2021-02-18 23:00:00,340560743.33887
2021-02-19 23:00:00,347618380.50974
2021-02-20 23:00:00,363633943.79133
2021-02-21 23:00:00,357021502.41112
2021-02-22 23:00:00,333163674.62846
2021-02-23 23:00:00,267003426.95109
2021-02-24 23:00:00,303534847.4143
2021-02-25 23:00:00,294421081.34321
2021-02-26 23:00:00,270362309.31745
2021-02-27 23:00:00,269803675.94705
2021-02-28 23:00:00,250111049.09438
2021-03-01 23:00:00,279680304.44922
2021-03-02 23:00:00,284790615.18317
2021-03-03 23:00:00,294543162.56718
2021-03-04 23:00:00,287090601.58229
2021-03-05 23:00:00,272111645.80388
2021-03-06 23:00:00,288340247.01202
2021-03-07 23:00:00,308683748.13269
2021-03-08 23:00:00,316855760.40215
2021-03-09 23:00:00,337615557.61982
2021-03-10 23:00:00,338318383.02947
2021-03-11 23:00:00,329516422.59727
2021-03-12 23:00:00,332363356.11233
2021-03-13 23:00:00,343424416.16998
2021-03-14 23:00:00,350346676.09228
2021-03-15 23:00:00,332987874.87922
2021-03-16 23:00:00,336938520.50597
2021-03-17 23:00:00,460583631.99974
2021-03-18 23:00:00,509773361.03816
2021-03-19 23:00:00,574607276.44893
2021-03-20 23:00:00,587935872.81264
2021-03-21 23:00:00,602769063.31514
2021-03-22 23:00:00,618289929.76785
2021-03-23 23:00:00,569500275.56391
2021-03-24 23:00:00,606935658.61922
2021-03-25 23:00:00,583873492.21216
2021-03-26 23:00:00,625796928.8208
2021-03-27 23:00:00,630767135.14293
2021-03-28 22:00:00,649286652.85157
2021-03-29 22:00:00,704078283.92541
2021-03-30 22:00:00,741152297.25945
2021-03-31 22:00:00,743763681.78334
2021-04-01 22:00:00,779177993.82587
2021-04-02 22:00:00,799026221.47279
2021-04-03 22:00:00,821105326.6526
2021-04-04 22:00:00,807264483.10685
2021-04-05 22:00:00,804754966.30809
2021-04-06 22:00:00,810757400.12057
2021-04-07 22:00:00,805140938.90687
2021-04-08 22:00:00,819712012.92515
2021-04-09 22:00:00,934439179.55259
2021-04-10 22:00:00,965035169.20141
2021-04-11 22:00:00,951022763.86355
2021-04-12 22:00:00,981448867.52496
2021-04-13 22:00:00,1073726481.55531
2021-04-14 22:00:00,1080081949.83648
2021-04-15 22:00:00,1131586581.34596
2021-04-16 22:00:00,1154120907.69433
2021-04-17 22:00:00,1161711743.02889
2021-04-18 22:00:00,991105854.87046
2021-04-19 22:00:00,1189430787.63157
2021-04-20 22:00:00,1089818460.73951
2021-04-21 22:00:00,1160402395.11774
2021-04-22 22:00:00,1228013431.01364
2021-04-23 22:00:00,1101462978.11175
2021-04-24 22:00:00,1187254629.90234
2021-04-25 22:00:00,1271627756.88826
2021-04-26 22:00:00,1385400252.57391
2021-04-27 22:00:00,1455239310.42501
2021-04-28 22:00:00,1430439245.39018
2021-04-29 22:00:00,1475154399.61546
2021-04-30 22:00:00,1511692566.65294
2021-05-01 22:00:00,1511145432.08708
2021-05-02 22:00:00,1567952725.47382
2021-05-03 22:00:00,1716457044.34331
2021-05-04 22:00:00,1700927523.78047
2021-05-05 22:00:00,1764741635.46686
2021-05-06 22:00:00,1782883841.96668
2021-05-07 22:00:00,1867000732.26007
2021-05-08 22:00:00,1981645031.59673
2021-05-09 22:00:00,2145406106.99224
2021-05-10 22:00:00,2216323676.00483
2021-05-11 22:00:00,2125008558.22934
2021-05-12 22:00:00,2261368556.18002
2021-05-14 00:00:00,2194510145.97134
2021-05-15 00:00:00,2009113421.2699
2021-05-16 00:00:00,2044538182.5343
2021-05-17 00:00:00,1889629618.43547
2021-05-18 00:00:00,1973541990.69248
2021-05-19 00:00:00,1366850255.20592
2021-05-20 00:00:00,1503975800.59458
2021-05-21 00:00:00,1197332029.09377
2021-05-22 00:00:00,1268520009.20698
2021-05-23 00:00:00,1089389749.18668
2021-05-24 00:00:00,1436918532.71875
2021-05-25 00:00:00,1457761756.18903
2021-05-26 00:00:00,1572288635.29704
2021-05-27 00:00:00,1541603698.74981
2021-05-28 00:00:00,1369256784.54861
2021-05-29 00:00:00,1284551120.0972
2021-05-30 00:00:00,1371812777.20113
2021-05-31 00:00:00,1568761944.16675
2021-06-01 00:00:00,1536235064.36919
2021-06-02 00:00:00,1614326124.43433
2021-06-03 00:00:00,1740486738.48347
2021-06-04 00:00:00,1621178893.88311
2021-06-05 00:00:00,1545877559.20355
2021-06-06 00:00:00,1607248302.41842
2021-06-07 00:00:00,1528425925.63201
2021-06-08 00:00:00,1509199946.7405
2021-06-09 00:00:00,1597842348.23919
2021-06-10 00:00:00,1552872592.65598
2021-06-11 00:00:00,1491923061.80791
2021-06-12 00:00:00,1532641243.96154
2021-06-13 00:00:00,1645056229.257
2021-06-14 00:00:00,1699800875.93645
2021-06-15 00:00:00,1727769757.3577
2021-06-16 00:00:00,1643680666.80163
2021-06-17 00:00:00,1655355907.86153
2021-06-18 00:00:00,1575760556.05817
2021-06-19 00:00:00,1553281987.09056
2021-06-20 00:00:00,1607527078.38583
2021-06-21 00:00:00,1354610799.51412
2021-06-22 00:00:00,1350497871.90055
2021-06-23 00:00:00,1441034258.8228
2021-06-24 00:00:00,1470998790.65732
2021-06-25 00:00:00,1372761056.86716
2021-06-26 00:00:00,1362958264.4319
2021-06-27 00:00:00,1470769605.38418
2021-06-28 00:00:00,1549607364.88809
2021-06-29 00:00:00,1662588943.9039
2021-06-30 00:00:00,1761252203.7209
2021-07-01 00:00:00,1685989222.89894
2021-07-02 00:00:00,1701313201.0979
2021-07-03 00:00:00,1749590141.3686
2021-07-04 00:00:00,1854074210.03359
2021-07-05 00:00:00,1793950756.39212
2021-07-06 00:00:00,1888267834.87076
2021-07-07 00:00:00,1958433589.61289
2021-07-08 00:00:00,1826406341.98658
2021-07-09 00:00:00,2002138706.14362
2021-07-10 00:00:00,1966707980.81508
2021-07-11 00:00:00,2022730895.11015
2021-07-12 00:00:00,1918614791.18821
2021-07-13 00:00:00,1792056068.20785
2021-07-14 00:00:00,1825763965.11098
2021-07-15 00:00:00,1747645008.71965
2021-07-16 00:00:00,1728128921.48622
2021-07-17 00:00:00,1740624541.51585
2021-07-18 00:00:00,1753093990.02856
2021-07-19 00:00:00,1663784849.82294
2021-07-20 00:00:00,1645473780.98144
2021-07-21 00:00:00,1850988652.89687
2021-07-22 00:00:00,1939523761.2673
2021-07-23 00:00:00,2035767625.13577
2021-07-24 00:00:00,2139815992.99336
2021-07-25 00:00:00,2126988567.7928
2021-07-26 00:00:00,2173665699.93595
2021-07-27 00:00:00,2300562301.42784
2021-07-28 00:00:00,2441145596.15568
2021-07-29 00:00:00,2508336162.14138
2021-07-30 00:00:00,2568334467.10508
2021-07-31 00:00:00,2626538659.19152
2021-08-01 00:00:00,2735696255.63875
2021-08-02 00:00:00,2832032722.47236
2021-08-03 00:00:00,3002418510.90638
2021-08-04 00:00:00,3176112819.75379
2021-08-05 00:00:00,3263181987.72163
2021-08-06 00:00:00,3271814230.12638
2021-08-07 00:00:00,3492560356.72037
2021-08-08 00:00:00,3317557378.12208
2021-08-09 00:00:00,3469187210.1295
2021-08-10 00:00:00,3660679480.69665
2021-08-11 00:00:00,3653403831.00889
2021-08-12 00:00:00,3575639972.54406
2021-08-13 00:00:00,3904332966.12656
2021-08-14 00:00:00,3882854658.30201
2021-08-15 00:00:00,4051159508.90827
2021-08-16 00:00:00,4190399677.65975
2021-08-17 00:00:00,4340858071.6468
2021-08-18 00:00:00,4853648538.659
2021-08-19 00:00:00,4753885993.79704
2021-08-20 00:00:00,5013284058.37159
2021-08-21 00:00:00,4879643526.50601
2021-08-22 00:00:00,4904055359.33387
2021-08-23 00:00:00,5231930366.05826
2021-08-24 00:00:00,5162294313.5084
2021-08-25 00:00:00,5124227487.83026
2021-08-26 00:00:00,4924940983.66643
2021-08-27 00:00:00,5523443743.64235
2021-08-28 00:00:00,5201638979.01334
2021-08-29 00:00:00,5656464375.20545
2021-08-30 00:00:00,5899530757.66426
2021-08-31 00:00:00,5770642097.69189
2021-09-01 00:00:00,5967246630.19401
2021-09-02 00:00:00,6141396398.42375
2021-09-03 00:00:00,6454292476.65226
2021-09-04 00:00:00,6742750814.581
2021-09-05 00:00:00,6630580933.86766
2021-09-06 00:00:00,6718506677.79979
2021-09-07 00:00:00,6752957163.59817
2021-09-08 00:00:00,6568618388.5622
2021-09-09 00:00:00,5919403665.44124
2021-09-10 00:00:00,6208354931.68075
2021-09-11 00:00:00,6645207111.68655
2021-09-12 00:00:00,6718671011.97829
2021-09-13 00:00:00,6941483271.8684
2021-09-14 00:00:00,6374544618.47855
2021-09-15 00:00:00,6923769844.99985
2021-09-16 00:00:00,6946000905.1681
2021-09-17 00:00:00,6611530448.47126
2021-09-18 00:00:00,6734812965.37199
2021-09-19 00:00:00,6479019178.26106
2021-09-20 00:00:00,5777649005.11749
2021-09-21 00:00:00,5278958197.58073
2021-09-22 00:00:00,6240080016.04129
2021-09-23 00:00:00,6570413025.30764
2021-09-24 00:00:00,6337195299.32656
2021-09-25 00:00:00,6429449332.72798
2021-09-26 00:00:00,6327258528.97186
2021-09-27 00:00:00,6337936368.59405
2021-09-28 00:00:00,5908492625.91057
2021-09-29 00:00:00,6063285055.5365
2021-09-30 00:00:00,6571715805.00839
2021-10-01 00:00:00,6979156441.74321
2021-10-02 00:00:00,7407825479.21687
2021-10-03 00:00:00,7416941679.10254
2021-10-04 00:00:00,7622825583.86455
2021-10-05 00:00:00,7713144064.84117
2021-10-06 00:00:00,7804666312.56626
2021-10-07 00:00:00,7705582541.77792
2021-10-08 00:00:00,8217360159.82801
2021-10-09 00:00:00,7957443411.49186
2021-10-10 00:00:00,7960060420.41518
2021-10-11 00:00:00,7577219951.40857
2021-10-12 00:00:00,7478291867.59633
2021-10-13 00:00:00,7495010603.29539
2021-10-14 00:00:00,7675547003.49473
2021-10-15 00:00:00,7910686086.22599
2021-10-16 00:00:00,8100694775.6764
2021-10-17 00:00:00,8007667987.36653
2021-10-18 00:00:00,8129356712.08519
2021-10-19 00:00:00,7842359208.86692
2021-10-20 00:00:00,8162518114.25788
2021-10-21 00:00:00,9055902381.22902
2021-10-22 00:00:00,8888982254.05384
2021-10-23 00:00:00,8844943590.78331
2021-10-24 00:00:00,9089202133.37766
2021-10-25 00:00:00,8972859742.60752
2021-10-26 00:00:00,9342398994.70738
2021-10-27 00:00:00,9188670051.83341
2021-10-28 00:00:00,8657078760.17207
2021-10-29 00:00:00,9444475951.67077
2021-10-30 00:00:00,9585148451.83037
2021-10-31 00:00:00,9469184595.52286
2021-11-01 00:00:00,9375709687.58584
2021-11-02 00:00:00,9486550621.66678
2021-11-03 00:00:00,9915548997.58626
2021-11-04 00:00:00,10179222730.59827
2021-11-05 00:00:00,10382174345.96738
2021-11-06 00:00:00,10203010928.62636
2021-11-07 00:00:00,10369774632.57883
2021-11-08 00:00:00,10530148494.52823
2021-11-09 00:00:00,10951468099.5438
2021-11-10 00:00:00,10616397605.49018
2021-11-11 00:00:00,10304650578.80992
2021-11-12 00:00:00,10641286377.40319
2021-11-13 00:00:00,10525843802.3159
2021-11-14 00:00:00,10627295728.31373
2021-11-15 00:00:00,10651656762.76394
2021-11-16 00:00:00,10125304469.96385
2021-11-17 00:00:00,9383475430.02075
2021-11-18 00:00:00,9666775604.90726
2021-11-19 00:00:00,9076356852.18978
2021-11-20 00:00:00,9592116206.51028
2021-11-21 00:00:00,9862294010.98461
2021-11-22 00:00:00,9283906525.36256
2021-11-23 00:00:00,9220307508.42424
2021-11-24 00:00:00,9642353394.68966
2021-11-25 00:00:00,9339757721.68772
2021-11-26 00:00:00,9991469990.75355
2021-11-27 00:00:00,9222087074.23946
2021-11-28 00:00:00,9307649599.6051
2021-11-29 00:00:00,10204315971.76164
2021-11-30 00:00:00,10413358618.55108
2021-12-01 00:00:00,11273831763.55026
2021-12-02 00:00:00,11448965409.35511
2021-12-03 00:00:00,11626412047.86172
2021-12-04 00:00:00,11099651716.69699
2021-12-05 00:00:00,11619913723.65029
2021-12-06 00:00:00,10914463410.17614
2021-12-07 00:00:00,11428110929.72726
2021-12-08 00:00:00,11619886092.65222
2021-12-09 00:00:00,11972919269.75203
2021-12-10 00:00:00,11089075361.95229
2021-12-11 00:00:00,10345441623.64178
2021-12-12 00:00:00,10392077192.5523
2021-12-13 00:00:00,10728809966.71691
2021-12-14 00:00:00,9752769276.07893
2021-12-15 00:00:00,10150240944.354
2021-12-16 00:00:00,10634887344.48905
2021-12-17 00:00:00,10651566200.17351
2021-12-18 00:00:00,10606900417.9087
2021-12-19 00:00:00,11185297212.01789
2021-12-20 00:00:00,11507191790.87903
2021-12-21 00:00:00,11838478074.07729
2021-12-22 00:00:00,12496661072.02736
2021-12-23 00:00:00,12240062543.12366
2021-12-24 00:00:00,12997599933.0303
2021-12-25 00:00:00,13103609651.69647
2021-12-26 00:00:00,13257830671.69578
2021-12-27 00:00:00,13234517381.3566
2021-12-28 00:00:00,12663980502.42592
2021-12-29 00:00:00,11987365372.62019
2021-12-30 00:00:00,11623215488.16596
2021-12-31 00:00:00,11742907288.06084
2022-01-01 00:00:00,11929641642.78433
2022-01-02 00:00:00,12467491871.15557
2022-01-03 00:00:00,12491296642.68141
2022-01-04 00:00:00,12316385857.80733
2022-01-05 00:00:00,12235291133.60037
2022-01-06 00:00:00,11363306915.4772
2022-01-07 00:00:00,10986528319.54006
2022-01-08 00:00:00,10240149691.29683
2022-01-09 00:00:00,9873245948.00043
2022-01-10 00:00:00,10356055899.40762
2022-01-11 00:00:00,9938852312.19738
2022-01-12 00:00:00,10570306750.5121
2022-01-13 00:00:00,11347188541.42002
2022-01-14 00:00:00,10964995451.35145
2022-01-15 00:00:00,11200072240.1286
2022-01-16 00:00:00,11625822458.45876
2022-01-17 00:00:00,11641630131.99554
2022-01-18 00:00:00,10946148992.01795
2022-01-19 00:00:00,10951566496.11926
2022-01-20 00:00:00,10890076482.05805
2022-01-21 00:00:00,10612924408.78212
2022-01-22 00:00:00,8918160780.97223
2022-01-23 00:00:00,8792983908.20991
2022-01-24 00:00:00,9193162773.59177
2022-01-25 00:00:00,8768612208.70206
2022-01-26 00:00:00,8721859539.72183
2022-01-27 00:00:00,8955346515.81531
2022-01-28 00:00:00,8057361161.67421
2022-01-29 00:00:00,8114759697.0131
2022-01-30 00:00:00,8154307092.29209
2022-01-31 00:00:00,7741523020.97348
2022-02-01 00:00:00,8352196700.21595
2022-02-02 00:00:00,8626655568.13682
2022-02-03 00:00:00,8137376340.88558
2022-02-04 00:00:00,8343472391.53219
2022-02-05 00:00:00,9062155475.86703
2022-02-06 00:00:00,9355503469.39388
2022-02-07 00:00:00,9425857704.32441
2022-02-08 00:00:00,9849093652.89838
2022-02-09 00:00:00,9684040171.46597
2022-02-10 00:00:00,9867501784.77966
2022-02-11 00:00:00,9323790420.87099
2022-02-12 00:00:00,8869054240.64331
2022-02-13 00:00:00,8908597057.95918
2022-02-14 00:00:00,8868500071.64952
2022-02-15 00:00:00,9109277367.40953
2022-02-16 00:00:00,9764632045.52899
2022-02-17 00:00:00,10776992706.788
2022-02-18 00:00:00,9849181387.57823
2022-02-19 00:00:00,9635770088.02942
2022-02-20 00:00:00,9568527335.71832
2022-02-21 00:00:00,9284020360.25889
2022-02-22 00:00:00,9176455049.30427
2022-02-23 00:00:00,9579482020.18925
2022-02-24 00:00:00,10183384770.46444
2022-02-25 00:00:00,10570784656.79482
2022-02-26 00:00:00,11549488244.89759
2022-02-27 00:00:00,12085656238.39469
2022-02-28 00:00:00,11178505823.233
2022-03-01 00:00:00,13825763846.79372
2022-03-02 00:00:00,13946529494.27145
2022-03-03 00:00:00,14035992618.71454
2022-03-04 00:00:00,13556692075.0697
2022-03-05 00:00:00,12480064598.4248
2022-03-06 00:00:00,13033542657.06568
2022-03-07 00:00:00,12120705188.5624
2022-03-08 00:00:00,12179712553.10355
2022-03-09 00:00:00,13490907049.63099
2022-03-10 00:00:00,14963489373.70089
2022-03-11 00:00:00,14337221102.51492
2022-03-12 00:00:00,13641674320.60418
2022-03-13 00:00:00,13512750907.1343
2022-03-14 00:00:00,13457150512.45325
2022-03-15 00:00:00,14236206290.6466
2022-03-16 00:00:00,14296430953.45096
2022-03-17 00:00:00,14926073787.94367
2022-03-18 00:00:00,14746238057.35255
2022-03-19 00:00:00,15747370146.50937
2022-03-20 00:00:00,16062992039.22414
2022-03-21 00:00:00,15733361492.5357
2022-03-22 00:00:00,16314501506.48575
2022-03-23 00:00:00,16354448950.34498
2022-03-24 00:00:00,16597542811.7282
2022-03-25 00:00:00,16722121023.85577
2022-03-26 00:00:00,16350601272.13857
2022-03-27 00:00:00,16625411693.56035
2022-03-28 00:00:00,17267464636.09761
2022-03-29 00:00:00,17980982698.60811
2022-03-30 00:00:00,18829392484.41287
2022-03-31 00:00:00,18882952743.93483
2022-04-01 00:00:00,18766260162.63573
2022-04-02 00:00:00,19461202817.29795
2022-04-03 00:00:00,20366963551.43711
2022-04-04 00:00:00,20323921629.71998
2022-04-05 00:00:00,20834599651.00252
2022-04-06 00:00:00,20404782354.66908
2022-04-07 00:00:00,19247409681.76432
2022-04-08 00:00:00,19241404990.29647
2022-04-09 00:00:00,18508106396.33293
2022-04-10 00:00:00,18855775492.89862
2022-04-11 00:00:00,18489885366.45145
2022-04-12 00:00:00,17057217092.50741
2022-04-13 00:00:00,17244116893.81789
2022-04-14 00:00:00,18020403754.4611
2022-04-15 00:00:00,17220771341.32525
2022-04-16 00:00:00,17344732324.2426
2022-04-17 00:00:00,17489537674.06652
2022-04-18 00:00:00,17038773731.92888
2022-04-19 00:00:00,18541770155.65182
2022-04-20 00:00:00,18937764937.9369
2022-04-21 00:00:00,19006589703.2205
2022-04-22 00:00:00,18337634424.78307
2022-04-23 00:00:00,18644919567.86135
2022-04-24 00:00:00,18257074794.00492
2022-04-25 00:00:00,17960566117.8045
2022-04-26 00:00:00,19336725140.72248
2022-04-27 00:00:00,18037373061.40117
2022-04-28 00:00:00,18561743211.55294
2022-04-29 00:00:00,18736501192.60899
2022-04-30 00:00:00,18112355454.66541
2022-05-01 00:00:00,17603473301.58988
2022-05-02 00:00:00,18174952115.65426
2022-05-03 00:00:00,18660027954.51858
2022-05-04 00:00:00,18347590202.36217
2022-05-05 00:00:00,19390293831.45205
2022-05-06 00:00:00,18410137617.37732
2022-05-07 00:00:00,17882792425.55363
2022-05-08 00:00:00,16633736902.24029
2022-05-09 00:00:00,16061352956.13772
2022-05-10 00:00:00,12333464844.63804
2022-05-11 00:00:00,11595676249.97394
2022-05-12 00:00:00,9244719849.52895
2022-05-13 00:00:00,8387947914.10328
2022-05-14 00:00:00,8675786007.49915
2022-05-15 00:00:00,8770075827.68826
2022-05-16 00:00:00,9065756551.70243
2022-05-17 00:00:00,8756006520.67293
2022-05-18 00:00:00,8954138495.43975
2022-05-19 00:00:00,8269482693.30221
2022-05-20 00:00:00,8586515306.45424
2022-05-21 00:00:00,8336123918.01155
2022-05-22 00:00:00,8450807298.42786
2022-05-23 00:00:00,8723384540.25788
2022-05-24 00:00:00,8489747534.62368
2022-05-25 00:00:00,8435880883.64445
2022-05-26 00:00:00,8372244522.47175
2022-05-27 00:00:00,7626610155.63221
2022-05-28 00:00:00,7396396879.46707
2022-05-29 00:00:00,7655743615.73371
2022-05-30 00:00:00,7722267485.02564
2022-05-31 00:00:00,8503163677.22181
2022-06-01 00:00:00,8328413791.02391
2022-06-02 00:00:00,7816033676.93669
2022-06-03 00:00:00,7825744721.00516
2022-06-04 00:00:00,7573441179.00367
2022-06-05 00:00:00,7708021983.76078
2022-06-06 00:00:00,7717543079.87204
2022-06-07 00:00:00,7525619669.42772
2022-06-08 00:00:00,7762697038.43016
2022-06-09 00:00:00,7659488944.38903
2022-06-10 00:00:00,7611214821.02637
2022-06-11 00:00:00,7183613869.94062
2022-06-12 00:00:00,6556186722.53105
2022-06-13 00:00:00,6059700637.08591
2022-06-14 00:00:00,5146394959.72185
2022-06-15 00:00:00,5150083485.52735
2022-06-16 00:00:00,5273903360.30331
2022-06-17 00:00:00,4569780460.14682
2022-06-18 00:00:00,4688303994.00428
2022-06-19 00:00:00,4273604850.17059
2022-06-20 00:00:00,4695024018.20749
2022-06-21 00:00:00,4815495582.272
2022-06-22 00:00:00,4796390172.5469
2022-06-23 00:00:00,4624109086.96774
2022-06-24 00:00:00,4914782963.25482
2022-06-25 00:00:00,5247660857.144
2022-06-26 00:00:00,5336156445.36253
2022-06-27 00:00:00,5172116610.77135
2022-06-28 00:00:00,5083594153.97205
2022-06-29 00:00:00,4935169566.65118
2022-06-30 00:00:00,4712977381.80281
2022-07-01 00:00:00,4763831875.60426
2022-07-02 00:00:00,4582057974.40845
2022-07-03 00:00:00,4581471448.52764
2022-07-04 00:00:00,4624675259.24028
2022-07-05 00:00:00,4984983055.94595
2022-07-06 00:00:00,4974559493.44555
2022-07-07 00:00:00,5133736448.5431
2022-07-08 00:00:00,5344081527.03734
2022-07-09 00:00:00,5250407031.95243
2022-07-10 00:00:00,5250360556.7409
2022-07-11 00:00:00,5061484195.94416
2022-07-12 00:00:00,4746412145.45052
2022-07-13 00:00:00,4517909382.25939
2022-07-14 00:00:00,4813719763.44881
2022-07-15 00:00:00,5145157261.34124
2022-07-16 00:00:00,5287333312.85134
2022-07-17 00:00:00,5897920265.35801
2022-07-18 00:00:00,5848335028.07519
2022-07-19 00:00:00,6818774574.4721
2022-07-20 00:00:00,6678884086.34168
2022-07-21 00:00:00,6612586502.30909
2022-07-22 00:00:00,6765439728.56616
2022-07-23 00:00:00,6951636984.35757
2022-07-24 00:00:00,6809638843.35536
2022-07-25 00:00:00,6815380955.27422
2022-07-26 00:00:00,6333162243.82607
2022-07-27 00:00:00,6270641475.78162
2022-07-28 00:00:00,7036221468.50002
2022-07-29 00:00:00,7514351432.32138
2022-07-30 00:00:00,7519984075.46121
2022-07-31 00:00:00,7421914302.07423
2022-08-01 00:00:00,7332208984.27419
2022-08-02 00:00:00,7166254107.40562
2022-08-03 00:00:00,6967295709.96438
2022-08-04 00:00:00,7164465654.9072
2022-08-05 00:00:00,7042199984.14722
2022-08-06 00:00:00,7597604210.12858
2022-08-07 00:00:00,7353034058.54475
2022-08-08 00:00:00,7462437135.47445
2022-08-09 00:00:00,7778249085.74462
2022-08-10 00:00:00,7320949328.53161
2022-08-11 00:00:00,8216727289.29741
2022-08-12 00:00:00,8281475110.37721
2022-08-13 00:00:00,8575456826.06397
2022-08-14 00:00:00,8743865696.11334
2022-08-15 00:00:00,8574273209.88998
2022-08-16 00:00:00,8332835790.14355
2022-08-17 00:00:00,8346242557.21946
2022-08-18 00:00:00,8124104533.38945
2022-08-19 00:00:00,8026214614.64613
2022-08-20 00:00:00,7177379844.47393
2022-08-21 00:00:00,6953288173.81816
2022-08-22 00:00:00,7107710810.86168
2022-08-23 00:00:00,7136494471.18588
2022-08-24 00:00:00,7221021240.78038
2022-08-25 00:00:00,7355750573.55145
2022-08-26 00:00:00,7412282386.55134
2022-08-27 00:00:00,6656172160.87469
2022-08-28 00:00:00,6602312335.84769
2022-08-29 00:00:00,6321823604.09705
2022-08-30 00:00:00,6800958642.9618
2022-08-31 00:00:00,6826349841.16782
2022-09-01 00:00:00,6788495389.31087
2022-09-02 00:00:00,6956941901.8697
2022-09-03 00:00:00,6964664592.605
2022-09-04 00:00:00,6890989681.84851
2022-09-05 00:00:00,6960908357.53138
2022-09-06 00:00:00,7307764880.28242
2022-09-07 00:00:00,6779710272.67676
2022-09-08 00:00:00,7174881004.90465
2022-09-09 00:00:00,7246058695.10092
2022-09-10 00:00:00,7577008327.83607
2022-09-11 00:00:00,7836801192.38029
2022-09-12 00:00:00,7723269787.23749
2022-09-13 00:00:00,7600990361.75168
2022-09-14 00:00:00,6962239660.2687
2022-09-15 00:00:00,7241352891.87695
2022-09-16 00:00:00,6543087896.51853
2022-09-17 00:00:00,6407712565.24042
2022-09-18 00:00:00,6464727999.23212
2022-09-19 00:00:00,5988159357.88046
2022-09-20 00:00:00,6100922345.33324
2022-09-21 00:00:00,5967551614.14918
2022-09-22 00:00:00,5570634133.05035
2022-09-23 00:00:00,5954843556.19187
2022-09-24 00:00:00,5926674373.50858
2022-09-25 00:00:00,5938835079.59952
2022-09-26 00:00:00,5875016866.52544
2022-09-27 00:00:00,6077935159.25015
2022-09-28 00:00:00,6068803098.26326
2022-09-29 00:00:00,6050701284.00884
2022-09-30 00:00:00,6054258476.80591
2022-10-01 00:00:00,6028799812.78821
2022-10-02 00:00:00,5963070844.23081
2022-10-03 00:00:00,5827759009.1411
2022-10-04 00:00:00,6028385658.39916
2022-10-05 00:00:00,6168139745.61754
2022-10-06 00:00:00,6208059044.30269
2022-10-07 00:00:00,6187567958.48686
2022-10-08 00:00:00,6091152486.95285
2022-10-09 00:00:00,6000948217.17901
2022-10-10 00:00:00,6073998879.15125
2022-10-11 00:00:00,5865086505.61706
2022-10-12 00:00:00,5889584121.67325
2022-10-13 00:00:00,5991392050.93525
2022-10-14 00:00:00,5897564725.41301
2022-10-15 00:00:00,5933377378.11506
2022-10-16 00:00:00,5850489385.61165
2022-10-17 00:00:00,5972254990.06256
2022-10-18 00:00:00,6110460901.11917
2022-10-19 00:00:00,5979875670.18514
2022-10-20 00:00:00,5877232360.93449
2022-10-21 00:00:00,5890087141.17437
2022-10-22 00:00:00,6009014505.70784
2022-10-23 00:00:00,6038833639.94645
2022-10-24 00:00:00,6280910756.14833
2022-10-25 00:00:00,6196801225.28167
2022-10-26 00:00:00,6810434687.48615
2022-10-27 00:00:00,7254349800.17519
2022-10-28 00:00:00,7113693210.7229
2022-10-29 00:00:00,7268928086.69096
2022-10-30 00:00:00,7609382455.74053
2022-10-31 00:00:00,7501819224.82136
2022-11-01 00:00:00,7474286123.7432
2022-11-02 00:00:00,7591802624.40031
2022-11-03 00:00:00,7384757339.89913
2022-11-04 00:00:00,7411328033.38128
2022-11-05 00:00:00,7958186988.15683
2022-11-06 00:00:00,7887740418.84002
2022-11-07 00:00:00,7624889840.8974
2022-11-08 00:00:00,7594177929.78031
2022-11-09 00:00:00,6399103082.96557
2022-11-10 00:00:00,5468354993.59957
2022-11-11 00:00:00,6214169999.46723
2022-11-12 00:00:00,6133909714.3881
2022-11-13 00:00:00,6035233262.18027
2022-11-14 00:00:00,5804399095.34976
2022-11-15 00:00:00,5978998668.441
2022-11-16 00:00:00,6031112792.28425
2022-11-17 00:00:00,5882952218.7648
2022-11-18 00:00:00,5826362532.64956
2022-11-19 00:00:00,5830238013.17487
2022-11-20 00:00:00,5888825007.68937
2022-11-21 00:00:00,5500653742.36937
2022-11-22 00:00:00,5371790230.2745
2022-11-23 00:00:00,5496181373.67257
2022-11-24 00:00:00,5722361917.51963
2022-11-25 00:00:00,5797427588.99958
2022-11-26 00:00:00,5837284788.8065
2022-11-27 00:00:00,5834590243.86673
2022-11-28 00:00:00,5805209272.60272
2022-11-29 00:00:00,5649099738.02407
2022-11-30 00:00:00,6189278062.37668
2022-12-01 00:00:00,6275577816.39859
2022-12-02 00:00:00,6226843844.44493
2022-12-03 00:00:00,6261320348.62403
2022-12-04 00:00:00,6076854257.42633
2022-12-05 00:00:00,6278000898.80009
2022-12-06 00:00:00,6143950848.32964
2022-12-07 00:00:00,6160919509.28596
2022-12-08 00:00:00,5991080970.37813
2022-12-09 00:00:00,6203167461.11679
2022-12-10 00:00:00,6146347601.72852
2022-12-11 00:00:00,6166249166.43635
2022-12-12 00:00:00,6109663500.1809
2022-12-13 00:00:00,6190291737.6213
2022-12-14 00:00:00,6449735465.98366
2022-12-15 00:00:00,6372157606.83019
2022-12-16 00:00:00,6208809734.56713
2022-12-17 00:00:00,5725216905.07416
2022-12-18 00:00:00,5791000792.07268
2022-12-19 00:00:00,5813017465.33779
2022-12-20 00:00:00,5726797913.64607
2022-12-21 00:00:00,5909156016.84708
2022-12-22 00:00:00,5954880389.92089
2022-12-23 00:00:00,5957193084.87341
2022-12-24 00:00:00,5979812531.05889
2022-12-25 00:00:00,5985090951.98556
2022-12-26 00:00:00,5968719080.39543
2022-12-27 00:00:00,6002289008.58886
2022-12-28 00:00:00,5929278814.27412
2022-12-29 00:00:00,5848598663.40608
2022-12-30 00:00:00,5888326526.20486
2022-12-31 00:00:00,5877772406.53699
2023-01-01 00:00:00,5865784383.95195
2023-01-02 00:00:00,5877675394.90746
2023-01-03 00:00:00,5978870818.08775
2023-01-04 00:00:00,5971446273.11338
2023-01-05 00:00:00,6177010336.83956
2023-01-06 00:00:00,6178432119.56955
2023-01-07 00:00:00,6251891607.24849
2023-01-08 00:00:00,6216768015.16399
2023-01-09 00:00:00,6367278290.06731
2023-01-10 00:00:00,6540307659.70802
2023-01-11 00:00:00,6607654982.06088
2023-01-12 00:00:00,6957810563.64981
2023-01-13 00:00:00,6965692285.64539
2023-01-14 00:00:00,7632798212.60054
2023-01-15 00:00:00,7586496588.09416
2023-01-16 00:00:00,7673741330.76787
2023-01-17 00:00:00,7780131820.36349
2023-01-18 00:00:00,7809191232.72407
2023-01-19 00:00:00,7542156346.61203
2023-01-20 00:00:00,7736681153.59021
2023-01-21 00:00:00,8274947307.67273
2023-01-22 00:00:00,8178015434.11887
2023-01-23 00:00:00,8196166621.87729
2023-01-24 00:00:00,8257377782.67087
2023-01-25 00:00:00,7860942579.1482
2023-01-26 00:00:00,8214929842.94435
2023-01-27 00:00:00,8105353129.06974
2023-01-28 00:00:00,8170358688.84068
2023-01-29 00:00:00,8090291824.36011
2023-01-30 00:00:00,8397851251.95457
2023-01-31 00:00:00,8022423607.79315
2023-02-01 00:00:00,8115827973.07171
2023-02-02 00:00:00,8617130977.77772
2023-02-03 00:00:00,8452819125.56371
2023-02-04 00:00:00,8549030272.33775
2023-02-05 00:00:00,8562793255.69848
2023-02-06 00:00:00,8447541188.55789
2023-02-07 00:00:00,8366392538.84069
2023-02-08 00:00:00,8690052411.19254
2023-02-09 00:00:00,8542928906.23849
2023-02-10 00:00:00,8023060718.45665
2023-02-11 00:00:00,7859431410.00008
2023-02-12 00:00:00,7987098943.06231
2023-02-13 00:00:00,7878311523.77498
2023-02-14 00:00:00,7828716249.31985
2023-02-15 00:00:00,8094204866.8268
2023-02-16 00:00:00,8828021852.07794
2023-02-17 00:00:00,8670649255.62647
2023-02-18 00:00:00,8921567312.04988
2023-02-19 00:00:00,8938626175.09302
2023-02-20 00:00:00,8856689609.31349
2023-02-21 00:00:00,9034278122.23639
2023-02-22 00:00:00,8796116232.78446
2023-02-23 00:00:00,8716993448.7565
2023-02-24 00:00:00,8763753873.56009
2023-02-25 00:00:00,8534063544.44676
2023-02-26 00:00:00,8785443412.47487
2023-02-27 00:00:00,9147403554.08008
2023-02-28 00:00:00,9369689599.09855
2023-03-01 00:00:00,9296825148.28441
2023-03-02 00:00:00,9620593714.3007
2023-03-03 00:00:00,9557902329.04617
2023-03-04 00:00:00,9153048248.85246
2023-03-05 00:00:00,9137117452.55214
2023-03-06 00:00:00,9147314197.68946
2023-03-07 00:00:00,9127026748.00073
2023-03-08 00:00:00,9173596299.43284
2023-03-09 00:00:00,8969852117.20333
2023-03-10 00:00:00,8374692207.5976
2023-03-11 00:00:00,8448997878.10825
2023-03-12 00:00:00,8622372276.66614
2023-03-13 00:00:00,9520656812.55633
2023-03-14 00:00:00,9891676011.41157
2023-03-15 00:00:00,10064792571.67305
2023-03-16 00:00:00,9788876042.52485
2023-03-17 00:00:00,9900397520.05907
2023-03-18 00:00:00,10655292075.62959
2023-03-19 00:00:00,10571024285.70342
2023-03-20 00:00:00,10585485878.05962
2023-03-21 00:00:00,10481967474.84961
2023-03-22 00:00:00,10692277198.08389
2023-03-23 00:00:00,10415577735.25862
2023-03-24 00:00:00,10782514766.12509
2023-03-25 00:00:00,10512456268.02603
2023-03-26 00:00:00,10462997085.55546
2023-03-27 00:00:00,10626234935.2021
2023-03-28 00:00:00,10517427391.57049
2023-03-29 00:00:00,10613089441.63422
2023-03-30 00:00:00,10731866826.04996
2023-03-31 00:00:00,10815594771.24824
2023-04-01 00:00:00,10922627300.6668
2023-04-02 00:00:00,10886658031.19884
2023-04-03 00:00:00,10737547005.46252
2023-04-04 00:00:00,10843923673.50462
2023-04-05 00:00:00,11425885344.12804
2023-04-06 00:00:00,11410804306.58681
2023-04-07 00:00:00,11306862801.12664
2023-04-08 00:00:00,11169270827.27796
2023-04-09 00:00:00,11174909539.9016
2023-04-10 00:00:00,11210286648.72849
2023-04-11 00:00:00,11514657448.84528
2023-04-12 00:00:00,11415894400.10455
2023-04-13 00:00:00,11519570041.48553
2023-04-14 00:00:00,12679153302.12155
2023-04-15 00:00:00,12661382654.76704
2023-04-16 00:00:00,12713971704.55699
2023-04-17 00:00:00,12711652053.71155
2023-04-18 00:00:00,12670156316.25079
2023-04-19 00:00:00,12866240351.62019
2023-04-20 00:00:00,11965670376.0629
2023-04-21 00:00:00,12036087665.48187
2023-04-22 00:00:00,11408312026.12192
2023-04-23 00:00:00,11523294153.30793
2023-04-24 00:00:00,11562133755.0465
2023-04-25 00:00:00,11451796785.8167
2023-04-26 00:00:00,11663921340.6686
2023-04-27 00:00:00,12026426601.74853
2023-04-28 00:00:00,11926934833.72631
2023-04-29 00:00:00,11866400136.82142
2023-04-30 00:00:00,11969869690.14705
2023-05-01 00:00:00,11862722689.3969
2023-05-02 00:00:00,11554574210.93538
2023-05-03 00:00:00,11807514210.40933
2023-05-04 00:00:00,12146280670.23989
2023-05-05 00:00:00,12010112399.54981
2023-05-06 00:00:00,12820678837.66032
2023-05-07 00:00:00,12231194803.72331
2023-05-08 00:00:00,12093641806.95002
2023-05-09 00:00:00,11964929826.11084
2023-05-10 00:00:00,12061916616.2963
2023-05-11 00:00:00,12020341153.85797
2023-05-12 00:00:00,11857648505.79641
2023-05-13 00:00:00,12094459159.19189
2023-05-14 00:00:00,12086630471.30445
2023-05-15 00:00:00,12050111288.25515
2023-05-16 00:00:00,12336485682.96453
2023-05-17 00:00:00,12428309490.52985
2023-05-18 00:00:00,11676220680.97407
2023-05-19 00:00:00,11659889154.68508
2023-05-20 00:00:00,11761640910.18431
2023-05-21 00:00:00,11932759672.25299
2023-05-22 00:00:00,11859851377.94063
2023-05-23 00:00:00,12038781498.54088
2023-05-24 00:00:00,12483581476.17423
2023-05-25 00:00:00,12152063015.80323
2023-05-26 00:00:00,12261662791.10933
2023-05-27 00:00:00,12525164678.07845
2023-05-28 00:00:00,12699895191.78848
2023-05-29 00:00:00,13265641840.22728
2023-05-30 00:00:00,13128479176.71976
2023-05-31 00:00:00,13320264442.01749
2023-06-01 00:00:00,13186075636.72319
2023-06-02 00:00:00,13213209957.09857
2023-06-03 00:00:00,13581630491.28788
2023-06-04 00:00:00,13534596887.27851
2023-06-05 00:00:00,13499806835.18896
2023-06-06 00:00:00,12994647709.34768
2023-06-07 00:00:00,13608689123.13667
2023-06-08 00:00:00,13279517051.79136
2023-06-09 00:00:00,13374801947.50411
2023-06-10 00:00:00,13298497149.07083
2023-06-11 00:00:00,12658806802.35249
2023-06-12 00:00:00,12664068776.45848
2023-06-13 00:00:00,12565609249.23087
2023-06-14 00:00:00,12659197483.17079
2023-06-15 00:00:00,12659197483.1708
2023-06-16 00:00:00,12748691975.1637
2023-06-17 00:00:00,12748691975.16368
2023-06-18 00:00:00,12623114008.7347
2023-06-19 00:00:00,12619107113.7983
2023-06-20 00:00:00,12830378845.24972
2023-06-21 00:00:00,13261343754.93328
2023-06-22 00:00:00,14181059656.45421
2023-06-23 00:00:00,13959826701.4535
2023-06-24 00:00:00,14054834324.93326
2023-06-25 00:00:00,13986640824.89308
2023-06-26 00:00:00,14157655736.57554
2023-06-27 00:00:00,13964783717.42167
2023-06-28 00:00:00,14050708812.88458
2023-06-29 00:00:00,13758006694.06903
2023-06-30 00:00:00,13951078500.60878
2023-07-01 00:00:00,14635473026.54889
2023-07-02 00:00:00,14618052475.0382
2023-07-03 00:00:00,14753808923.03163
2023-07-04 00:00:00,14903732389.26107
2023-07-05 00:00:00,14785171275.81931
2023-07-06 00:00:00,14537272522.90291
2023-07-07 00:00:00,14136026935.72229
2023-07-08 00:00:00,14373006487.32721
2023-07-09 00:00:00,14355126150.79365
2023-07-10 00:00:00,14328936409.38951
2023-07-11 00:00:00,14468614213.11994
2023-07-12 00:00:00,14501856695.91963
2023-07-13 00:00:00,14523842175.90137
2023-07-14 00:00:00,15702768872.44544
2023-07-15 00:00:00,15102160467.69308
2023-07-16 00:00:00,15137251266.70243
2023-07-17 00:00:00,15058473484.86284
2023-07-18 00:00:00,15005023017.2821
2023-07-19 00:00:00,14967740891.75484
2023-07-20 00:00:00,14843258799.84455
2023-07-21 00:00:00,14860776832.49361
2023-07-22 00:00:00,14907017459.30405
2023-07-23 00:00:00,14652662515.62855
2023-07-24 00:00:00,14917151372.59691
2023-07-25 00:00:00,14636086245.45347
2023-07-26 00:00:00,14721066651.57359
2023-07-27 00:00:00,14837123633.74083
2023-07-28 00:00:00,14832020828.59119
2023-07-29 00:00:00,14966842576.78563
2023-07-30 00:00:00,15041003840.04605
2023-07-31 00:00:00,15009087732.72276
2023-08-01 00:00:00,14948825222.16315
2023-08-02 00:00:00,14995249670.82587
2023-08-03 00:00:00,14794566483.64111
2023-08-04 00:00:00,14769826320.29517
2023-08-05 00:00:00,14771520320.49584
2023-08-06 00:00:00,14804465591.54842
2023-08-07 00:00:00,14749835989.78332
2023-08-08 00:00:00,14792749824.79808
2023-08-09 00:00:00,15019361315.64327
2023-08-10 00:00:00,15020386163.95939
2023-08-11 00:00:00,15054618397.61902
2023-08-12 00:00:00,15093337060.79392
2023-08-13 00:00:00,15119680283.07905
2023-08-14 00:00:00,15061323935.01857
2023-08-15 00:00:00,15122349121.20021
2023-08-16 00:00:00,15024942432.06163
2023-08-17 00:00:00,14736689562.95208
2023-08-18 00:00:00,13952101446.36991
2023-08-19 00:00:00,13781757091.12346
2023-08-20 00:00:00,13869936895.27592
2023-08-21 00:00:00,13953283644.64055
2023-08-22 00:00:00,13911579924.47537
2023-08-23 00:00:00,13721661318.68595
2023-08-24 00:00:00,14174833566.03985
2023-08-25 00:00:00,14008061745.49096
2023-08-26 00:00:00,13960004405.92399
2023-08-27 00:00:00,13945644933.32861
2023-08-28 00:00:00,14050995724.25405
2023-08-29 00:00:00,14120269928.64845
2023-08-30 00:00:00,14875506624.24742
2023-08-31 00:00:00,14687616085.96286
2023-09-01 00:00:00,14214115207.96859
2023-09-02 00:00:00,14070700565.83667
2023-09-03 00:00:00,14091118194.78035
2023-09-04 00:00:00,14066324892.64672
2023-09-05 00:00:00,14033622762.3586
2023-09-06 00:00:00,14135866825.4154
2023-09-07 00:00:00,14139557452.23712
2023-09-08 00:00:00,14295779260.61736
2023-09-09 00:00:00,14174578650.32485
2023-09-10 00:00:00,14156014355.03004
2023-09-11 00:00:00,14039589319.43976
2023-09-12 00:00:00,13521924580.82109
2023-09-13 00:00:00,13877754211.93047
2023-09-14 00:00:00,13981684198.35578
2023-09-15 00:00:00,14159981628.46605
2023-09-16 00:00:00,14374482463.29175
2023-09-17 00:00:00,14197370777.95327
2023-09-18 00:00:00,14114247897.23332
2023-09-19 00:00:00,14290920992.74818
2023-09-20 00:00:00,14395790735.22748
2023-09-21 00:00:00,14233920760.30856
2023-09-22 00:00:00,13915328318.38367
2023-09-23 00:00:00,14049287880.15345
2023-09-24 00:00:00,14029510174.27657
2023-09-25 00:00:00,13860335259.03063
2023-09-26 00:00:00,13981409106.72472
2023-09-27 00:00:00,14035074429.01151
2023-09-28 00:00:00,14129637730.47148
2023-09-29 00:00:00,14625611622.61428
2023-09-30 00:00:00,14758254437.90658
2023-10-01 00:00:00,14855335923.12517
2023-10-02 00:00:00,15337824048.27918
2023-10-03 00:00:00,14766535283.11934
2023-10-04 00:00:00,14629015965.56934
2023-10-05 00:00:00,14647885045.22617
2023-10-06 00:00:00,14397217191.16949
2023-10-07 00:00:00,14646932763.73009
2023-10-08 00:00:00,14535946314.87681
2023-10-09 00:00:00,14549809854.67341
2023-10-10 00:00:00,14100544991.08893
2023-10-11 00:00:00,13901118413.88614
2023-10-12 00:00:00,13898495823.78244
2023-10-13 00:00:00,13726279754.04498
2023-10-14 00:00:00,13818388474.03235
2023-10-15 00:00:00,13836524177.17031
2023-10-16 00:00:00,13854541047.65017
2023-10-17 00:00:00,14259747155.7871
2023-10-18 00:00:00,13939930131.86147
2023-10-19 00:00:00,13936871415.84775
2023-10-20 00:00:00,13954548987.56855
2023-10-21 00:00:00,14302646422.6109
2023-10-22 00:00:00,14584836718.2468
2023-10-23 00:00:00,14820927134.01383
2023-10-24 00:00:00,15839864584.96547
2023-10-25 00:00:00,15773371295.9474
2023-10-26 00:00:00,15898100727.89345
2023-10-27 00:00:00,15965292483.4988
2023-10-28 00:00:00,15815256493.07886
2023-10-29 00:00:00,15764172804.78601
2023-10-30 00:00:00,15963129244.79111
2023-10-31 00:00:00,16306961418.93053
2023-11-01 00:00:00,16201928397.44398
2023-11-02 00:00:00,16466391784.54781
2023-11-03 00:00:00,16391026801.99486
2023-11-04 00:00:00,16482794639.00172
2023-11-05 00:00:00,16978112256.72149
2023-11-06 00:00:00,17091136315.55919
2023-11-07 00:00:00,16945073276.49347
2023-11-08 00:00:00,17086595532.68078
2023-11-09 00:00:00,17310832823.46861
2023-11-10 00:00:00,18954686142.41876
2023-11-11 00:00:00,18682568282.83052
2023-11-12 00:00:00,18579274517.41722
2023-11-13 00:00:00,18643119720.59848
2023-11-14 00:00:00,18469180601.06314
2023-11-15 00:00:00,18190306894.80914
2023-11-16 00:00:00,18505458842.90452
2023-11-17 00:00:00,17823214548.24284
2023-11-18 00:00:00,17549241321.94732
2023-11-19 00:00:00,17793180107.53338
2023-11-20 00:00:00,18507484832.05756
2023-11-21 00:00:00,18327786533.19742
2023-11-22 00:00:00,18465548894.38726
2023-11-23 00:00:00,18976798491.79387
2023-11-24 00:00:00,19519463230.01302
2023-11-25 00:00:00,19232545059.64913
2023-11-26 00:00:00,19394338929.45523
2023-11-27 00:00:00,18811997451.57159
2023-11-28 00:00:00,18827650342.15831
2023-11-29 00:00:00,19130877796.23545
2023-11-30 00:00:00,18989258739.52574
2023-12-01 00:00:00,19580790056.87872
2023-12-02 00:00:00,19692269706.90029
2023-12-03 00:00:00,20288333559.11934
2023-12-04 00:00:00,21029960298.38439
2023-12-05 00:00:00,20649515030.59621
2023-12-06 00:00:00,21331001450.40807
2023-12-07 00:00:00,20877082092.71864
2023-12-08 00:00:00,21948528820.66075
2023-12-09 00:00:00,21959468720.04501
2023-12-10 00:00:00,21802994563.76037
2023-12-11 00:00:00,20898098230.66265
2023-12-12 00:00:00,20638101676.17786
2023-12-13 00:00:00,20216591081.46424
2023-12-14 00:00:00,21275160925.60159
2023-12-15 00:00:00,21102822948.44046
2023-12-16 00:00:00,20835168526.89629
2023-12-17 00:00:00,20548834635.24231
2023-12-18 00:00:00,19715918971.96224
2023-12-19 00:00:00,20953205333.56015
2023-12-20 00:00:00,20414245225.8568
2023-12-21 00:00:00,20595670089.96544
2023-12-22 00:00:00,21300697580.82314
2023-12-23 00:00:00,21231078538.86529
2023-12-24 00:00:00,21179534179.65865
2023-12-25 00:00:00,20854931920.14554
2023-12-26 00:00:00,20420437750.53407
2023-12-27 00:00:00,20614965165.48869
2023-12-28 00:00:00,22087788382.15938
2023-12-29 00:00:00,21803585147.17859
2023-12-30 00:00:00,21143871129.91183
2023-12-31 00:00:00,21439380980.32339
2024-01-01 00:00:00,21373948242.65826
2024-01-02 00:00:00,22389928473.46147
2024-01-03 00:00:00,22162193305.26294
2024-01-04 00:00:00,20638462604.11235
2024-01-05 00:00:00,21029057517.67224
2024-01-06 00:00:00,20820181419.26754
2024-01-07 00:00:00,20804825994.78845
2024-01-08 00:00:00,20691353367.48318
2024-01-09 00:00:00,21239757026.12822
2024-01-10 00:00:00,22623810399.93008
2024-01-11 00:00:00,24775778019.82604
2024-01-12 00:00:00,24609756907.32927
2024-01-13 00:00:00,23715374940.12033
2024-01-14 00:00:00,23949880390.90963
2024-01-15 00:00:00,23775704642.30717
2024-01-16 00:00:00,23768163948.86803
2024-01-17 00:00:00,23767514937.92269
2024-01-18 00:00:00,23657190172.53096
2024-01-19 00:00:00,23372917350.90886
2024-01-20 00:00:00,23175971359.53251
2024-01-21 00:00:00,23235261397.60325
2024-01-22 00:00:00,22361621728.2365
2024-01-23 00:00:00,20961483686.02523
2024-01-24 00:00:00,21199716485.35422
2024-01-25 00:00:00,20905164760.17111
2024-01-26 00:00:00,21239365069.43022
2024-01-27 00:00:00,21326349338.3307
2024-01-28 00:00:00,21600788468.86951
2024-01-29 00:00:00,21408839842.70424
2024-01-30 00:00:00,21865158723.03101
2024-01-31 00:00:00,21691562309.79444
2024-02-01 00:00:00,21495539729.08867
2024-02-02 00:00:00,22017698740.68415
2024-02-03 00:00:00,22062151002.19802
2024-02-04 00:00:00,21969031353.58458
2024-02-05 00:00:00,22201593586.04166
2024-02-06 00:00:00,22222462618.51081
2024-02-07 00:00:00,22570978126.63256
2024-02-08 00:00:00,23272659130.45255
2024-02-09 00:00:00,23819885882.23104
2024-02-10 00:00:00,23970134012.89591
2024-02-11 00:00:00,24363525270.39246
2024-02-12 00:00:00,24000159813.74266
2024-02-13 00:00:00,25695718025.46051
2024-02-14 00:00:00,26681482527.82558
2024-02-15 00:00:00,27309904622.0472
2024-02-16 00:00:00,27729975845.82565
2024-02-17 00:00:00,27250752381.90791
2024-02-18 00:00:00,27592849919.11789
2024-02-19 00:00:00,28590904790.51479
2024-02-20 00:00:00,28596157764.80328
2024-02-21 00:00:00,28573359818.38036
2024-02-22 00:00:00,29255801847.81528
2024-02-23 00:00:00,29083209519.18767
2024-02-24 00:00:00,29352938741.36362
2024-02-25 00:00:00,29765721779.82607
2024-02-26 00:00:00,30192952043.03331
2024-02-27 00:00:00,32151806830.52495
2024-02-28 00:00:00,32956243612.14588
2024-02-29 00:00:00,34471170343.37855
2024-03-01 00:00:00,33856353045.29061
2024-03-02 00:00:00,33676062555.87725
2024-03-03 00:00:00,33654309879.65039
2024-03-04 00:00:00,34579559522.78513
2024-03-05 00:00:00,36890064680.93288
2024-03-06 00:00:00,38029548131.60696
2024-03-07 00:00:00,37566475300.44181
2024-03-08 00:00:00,38973097399.50302
2024-03-09 00:00:00,38782184813.68446
2024-03-10 00:00:00,39075696233.26713
2024-03-11 00:00:00,39894470648.63197
2024-03-12 00:00:00,39773410851.53383
2024-03-13 00:00:00,40166366166.72828
2024-03-14 00:00:00,39113924177.57413
2024-03-15 00:00:00,38410537211.02928
2024-03-16 00:00:00,37222495938.77578
2024-03-17 00:00:00,34871200857.33708
2024-03-18 00:00:00,35583205198.57757
2024-03-19 00:00:00,34584367357.80588
2024-03-20 00:00:00,31341635834.80806
2024-03-21 00:00:00,34655417262.74202
2024-03-22 00:00:00,34386569238.57632
2024-03-23 00:00:00,32672576578.23589
2024-03-24 00:00:00,32895477965.27783
2024-03-25 00:00:00,33742922378.36647
2024-03-26 00:00:00,35168489397.28528
2024-03-27 00:00:00,34998655460.19574
2024-03-28 00:00:00,34115167499.00548
2024-03-29 00:00:00,34731970105.88783
2024-03-30 00:00:00,34225204264.64001
2024-03-31 00:00:00,34146351588.08197
2024-04-01 00:00:00,35364279318.06151
2024-04-02 00:00:00,33911638933.60713
2024-04-03 00:00:00,31435308653.74012
2024-04-04 00:00:00,31799605014.72323
2024-04-05 00:00:00,31787123597.02525
2024-04-06 00:00:00,31916194901.02794
2024-04-07 00:00:00,32201264034.84121
2024-04-08 00:00:00,32677916889.247
2024-04-09 00:00:00,35316854023.10703
2024-04-10 00:00:00,33534602536.81124
2024-04-11 00:00:00,33254541423.33967
2024-04-12 00:00:00,33152124654.27849
2024-04-13 00:00:00,30431414219.83847
2024-04-14 00:00:00,27656598384.98569
2024-04-15 00:00:00,28846473466.00088
2024-04-16 00:00:00,29239640244.33899
2024-04-17 00:00:00,29084866926.66591
2024-04-18 00:00:00,28207455597.22807
2024-04-19 00:00:00,28789243984.51935
2024-04-20 00:00:00,28976699752.79426
2024-04-21 00:00:00,29539456458.01108
2024-04-22 00:00:00,29530677241.86124
2024-04-23 00:00:00,30154858878.9667
2024-04-24 00:00:00,30048783130.52321
2024-04-25 00:00:00,29490952687.14505
2024-04-26 00:00:00,29790195286.26431
2024-04-27 00:00:00,29421686981.3799
2024-04-28 00:00:00,30448779049.60444
2024-04-29 00:00:00,30960637333.66208
2024-04-30 00:00:00,30141577695.76689
2024-05-01 00:00:00,28106092971.72667
2024-05-02 00:00:00,27843013292.43666
2024-05-03 00:00:00,28111786878.39437
2024-05-04 00:00:00,29186307371.41646
2024-05-05 00:00:00,29243052623.9223
2024-05-06 00:00:00,29434973139.09572
2024-05-07 00:00:00,28976851756.71842
2024-05-08 00:00:00,28606102207.96688
2024-05-09 00:00:00,27916439525.61295
2024-05-10 00:00:00,28391470109.14594
2024-05-11 00:00:00,27315884494.62525
2024-05-12 00:00:00,27438816479.16809
2024-05-13 00:00:00,27536833000.06422
2024-05-14 00:00:00,27740589299.26849
2024-05-15 00:00:00,27161347277.65386
2024-05-16 00:00:00,28324665695.29513
2024-05-17 00:00:00,27523743823.89757
2024-05-18 00:00:00,29018415379.58494
2024-05-19 00:00:00,29266218398.52521
2024-05-20 00:00:00,28712603282.88544
2024-05-21 00:00:00,34106380391.43931
2024-05-22 00:00:00,35311622169.89417
2024-05-23 00:00:00,35111299740.38461
2024-05-24 00:00:00,35548518516.31827
2024-05-25 00:00:00,34845958155.09538
2024-05-26 00:00:00,34907968628.97295
2024-05-27 00:00:00,35835746945.01135
2024-05-28 00:00:00,36270152684.34527
2024-05-29 00:00:00,36507655562.94323
2024-05-30 00:00:00,35985925689.79375
2024-05-31 00:00:00,35709394441.44133
2024-06-01 00:00:00,36003173962.16217
2024-06-02 00:00:00,36297562606.79029
2024-06-03 00:00:00,36000901646.94136
2024-06-04 00:00:00,35944065900.88799
2024-06-05 00:00:00,36399082679.85802
2024-06-06 00:00:00,36727843961.06374
2024-06-07 00:00:00,36299693986.85334
2024-06-08 00:00:00,35202933184.60948
2024-06-09 00:00:00,34953965915.80463
2024-06-10 00:00:00,35597308815.37861
2024-06-11 00:00:00,35008046698.80292
2024-06-12 00:00:00,33350658525.67308
2024-06-13 00:00:00,33956429886.9548
2024-06-14 00:00:00,33186313631.6436
2024-06-15 00:00:00,33197893407.16388
2024-06-16 00:00:00,34047373923.19032
2024-06-17 00:00:00,34358500125.24292
2024-06-18 00:00:00,33685640195.50214
2024-06-19 00:00:00,33215741714.60338
2024-06-20 00:00:00,34005128053.80643
2024-06-21 00:00:00,33721466506.00019
2024-06-22 00:00:00,33786598870.09472
2024-06-23 00:00:00,33733516672.74722
2024-06-24 00:00:00,33064859052.9587
2024-06-25 00:00:00,32297108455.5856
2024-06-26 00:00:00,33031318275.28408
2024-06-27 00:00:00,32836414989.72261
2024-06-28 00:00:00,33525241598.28296
2024-06-29 00:00:00,32927498439.79619
2024-06-30 00:00:00,32933751631.07675
2024-07-01 00:00:00,33255412787.85549
2024-07-02 00:00:00,33728112518.6396
2024-07-03 00:00:00,33291882493.16924
2024-07-04 00:00:00,32206182988.17701
2024-07-05 00:00:00,30723000488.96949
2024-07-06 00:00:00,29175642844.72448
2024-07-07 00:00:00,29926773319.22282
2024-07-08 00:00:00,28797598786.58667
2024-07-09 00:00:00,29446677384.12954
2024-07-10 00:00:00,29788094413.33288
2024-07-11 00:00:00,30165920472.6933
2024-07-12 00:00:00,30323918209.48922
2024-07-13 00:00:00,30335958554.67007
2024-07-14 00:00:00,30775544799.44419
2024-07-15 00:00:00,31658633094.72422
2024-07-16 00:00:00,33398502676.06629
2024-07-17 00:00:00,33547335618.24955
2024-07-18 00:00:00,33330916037.27603
2024-07-19 00:00:00,33412716758.6419
2024-07-20 00:00:00,34395495449.95324
2024-07-21 00:00:00,34434622621.62493
2024-07-22 00:00:00,34629528389.40032
2024-07-23 00:00:00,33947676179.3736
2024-07-24 00:00:00,34166282741.77328
2024-07-25 00:00:00,32851219268.19013
2024-07-26 00:00:00,31189537200.13326
2024-07-27 00:00:00,32248611433.10555
2024-07-28 00:00:00,32290918843.0962
2024-07-29 00:00:00,32113582815.96667
2024-07-30 00:00:00,33055789526.56414
2024-07-31 00:00:00,32360387368.21074
2024-08-01 00:00:00,31759335121.75047
2024-08-02 00:00:00,31285526869.16092
2024-08-03 00:00:00,29633810158.83185
2024-08-04 00:00:00,28671795988.48843
2024-08-05 00:00:00,26864536013.90121
2024-08-06 00:00:00,23928717169.49372
2024-08-07 00:00:00,24478105509.27215
2024-08-08 00:00:00,23065549671.87181
2024-08-09 00:00:00,25313848539.70829
2024-08-10 00:00:00,25528755542.50585
2024-08-11 00:00:00,25615018971.43464
2024-08-12 00:00:00,25156632780.36317
2024-08-13 00:00:00,26343873223.48426
2024-08-14 00:00:00,26731002069.02027
2024-08-15 00:00:00,26208793587.54458
2024-08-16 00:00:00,25253278667.00217
2024-08-17 00:00:00,25659832877.59271
2024-08-18 00:00:00,25678331711.59793
2024-08-19 00:00:00,26096339670.21805
2024-08-20 00:00:00,25771239215.5864
2024-08-21 00:00:00,25483913610.13575
2024-08-22 00:00:00,26011559234.6519
2024-08-23 00:00:00,25836294001.68019
2024-08-24 00:00:00,27419587357.91203
2024-08-25 00:00:00,27028886242.02729
2024-08-26 00:00:00,27273823637.09429
2024-08-27 00:00:00,26423834824.60537
2024-08-28 00:00:00,23986438395.39711
2024-08-29 00:00:00,24817962962.96973
2024-08-30 00:00:00,24794890429.1169
2024-08-31 00:00:00,24809519821.16648
2024-09-01 00:00:00,24738657426.16284
2024-09-02 00:00:00,23796670701.45816
2024-09-03 00:00:00,25031175169.91691
2024-09-04 00:00:00,24157217263.34271
2024-09-05 00:00:00,24266617812.86066
2024-09-06 00:00:00,23335281529.88066
2024-09-07 00:00:00,21792695355.90552
2024-09-08 00:00:00,22282659954.61631
2024-09-09 00:00:00,22780109140.67657
2024-09-10 00:00:00,23232076486.0093
2024-09-11 00:00:00,23382501236.05489
2024-09-12 00:00:00,22987148148.88769
2024-09-13 00:00:00,23012754762.80776
2024-09-14 00:00:00,23983464337.55497
2024-09-15 00:00:00,23650990812.87168
2024-09-16 00:00:00,22973435505.18233
2024-09-17 00:00:00,22394237084.84524
2024-09-18 00:00:00,22966378279.10593
2024-09-19 00:00:00,22977005056.92934
2024-09-20 00:00:00,24024139607.9385
2024-09-21 00:00:00,24885407032.97754
2024-09-22 00:00:00,25039488709.23508
2024-09-23 00:00:00,24806398390.86578
2024-09-24 00:00:00,25931134151.62329
2024-09-25 00:00:00,26059716938.28979
2024-09-26 00:00:00,25272383218.16278
2024-09-27 00:00:00,26028702714.06479
2024-09-28 00:00:00,26491533877.11369
2024-09-29 00:00:00,26225790628.19067
2024-09-30 00:00:00,26122497002.6142
2024-10-01 00:00:00,25647883490.87873
2024-10-02 00:00:00,24283825320.15956
2024-10-03 00:00:00,23274742851.30087
2024-10-04 00:00:00,23058641619.23377
2024-10-05 00:00:00,23804764998.33675
2024-10-06 00:00:00,23715639000.46623
2024-10-07 00:00:00,23897295453.95396
2024-10-08 00:00:00,23956659285.61263
2024-10-09 00:00:00,23890849699.8447
2024-10-10 00:00:00,23130595568.67655
2024-10-11 00:00:00,23172178694.80029
2024-10-12 00:00:00,23864849038.7055
2024-10-13 00:00:00,24175295704.66838
2024-10-14 00:00:00,24092024196.59483
2024-10-15 00:00:00,25625912286.71574
2024-10-16 00:00:00,25339074029.86473
2024-10-17 00:00:00,25630602256.42155
2024-10-18 00:00:00,25460127241.08612
2024-10-19 00:00:00,25830888848.14361
2024-10-20 00:00:00,25837402801.89359
2024-10-21 00:00:00,26721674456.21124
2024-10-22 00:00:00,26097700542.72781
2024-10-23 00:00:00,25743720229.75063
2024-10-24 00:00:00,24469936797.42
2024-10-25 00:00:00,24843997806.44458
2024-10-26 00:00:00,24266901522.82416
2024-10-27 00:00:00,24256230372.42605
2024-10-28 00:00:00,24531759741.36039
2024-10-29 00:00:00,25074321946.17418
2024-10-30 00:00:00,25697403370.27457
2024-10-31 00:00:00,26066656377.95703
2024-11-01 00:00:00,24604977179.46804
2024-11-02 00:00:00,24580968604.43161
2024-11-03 00:00:00,24306081312.44128
2024-11-04 00:00:00,24040506684.3662
2024-11-05 00:00:00,23364394755.29575
2024-11-06 00:00:00,23709038611.79813
2024-11-07 00:00:00,26695560093.52275
2024-11-08 00:00:00,28244683207.238
2024-11-09 00:00:00,29048499088.55973
2024-11-10 00:00:00,30649483970.06243
2024-11-11 00:00:00,31311407693.56497
2024-11-12 00:00:00,32779761208.19258
2024-11-13 00:00:00,32174168690.27003
2024-11-14 00:00:00,31340772806.31174
2024-11-15 00:00:00,30073599744.56774
2024-11-16 00:00:00,30380966978.16287
2024-11-17 00:00:00,30826322141.00072
2024-11-18 00:00:00,30122126036.42538
2024-11-19 00:00:00,31032297183.94354
2024-11-20 00:00:00,30515873075.93519
2024-11-21 00:00:00,30115257205.84919
2024-11-22 00:00:00,33045145729.03943
2024-11-23 00:00:00,32637781508.35777
2024-11-24 00:00:00,33404283056.35255
2024-11-25 00:00:00,32891432832.30447
2024-11-26 00:00:00,33300288971.71886
2024-11-27 00:00:00,32625423209.5174
2024-11-28 00:00:00,36008302091.4426
2024-11-29 00:00:00,35270700663.18203
2024-11-30 00:00:00,35345326398.95995
2024-12-01 00:00:00,36656161747.92455
2024-12-02 00:00:00,36693035529.00008
2024-12-03 00:00:00,35723030177.95238
2024-12-04 00:00:00,35724961964.11757
2024-12-05 00:00:00,37877726009.46452
2024-12-06 00:00:00,37590949522.34828
2024-12-07 00:00:00,39296828174.82574
2024-12-08 00:00:00,39389918530.82587
2024-12-09 00:00:00,39485468735.43594
2024-12-10 00:00:00,36553397407.3976
2024-12-11 00:00:00,35921462926.42304
2024-12-12 00:00:00,37893350514.75391
2024-12-13 00:00:00,38111406555.04137
2024-12-14 00:00:00,38383561942.71741
2024-12-15 00:00:00,37936189998.54015
2024-12-16 00:00:00,38185981171.65399
2024-12-17 00:00:00,39145886404.7256
2024-12-18 00:00:00,37926226560.73582
2024-12-19 00:00:00,35849196825.62737
2024-12-20 00:00:00,33538481237.58268
2024-12-21 00:00:00,33933080037.94527
2024-12-22 00:00:00,32424583619.37239
2024-12-23 00:00:00,31930188766.29321
2024-12-24 00:00:00,33368141028.53373
2024-12-25 00:00:00,33973999131.90203
2024-12-26 00:00:00,33775372131.30096
2024-12-27 00:00:00,32131545612.21321
2024-12-28 00:00:00,32105636156.01006
2024-12-29 00:00:00,32902105888.18259
2024-12-30 00:00:00,32449251404.26675
2024-12-31 00:00:00,32519760519.27904
2025-01-01 00:00:00,32205543613.67131
2025-01-02 00:00:00,32448919351.75725
2025-01-03 00:00:00,33281495401.16018
2025-01-04 00:00:00,34862579908.99
2025-01-05 00:00:00,35310944583.26962
2025-01-06 00:00:00,35195997570.34011
2025-01-07 00:00:00,35553060974.09251
2025-01-08 00:00:00,32636977298.51844
2025-01-09 00:00:00,32079352802.83045
2025-01-10 00:00:00,30977410323.20927
2025-01-11 00:00:00,31467526279.35304
2025-01-12 00:00:00,31648363733.40649
2025-01-13 00:00:00,31165002463.14777
2025-01-14 00:00:00,30120490969.47101
2025-01-15 00:00:00,31079806687.23203
2025-01-16 00:00:00,33036360580.66201
2025-01-17 00:00:00,31794137280.84298
2025-01-18 00:00:00,33480781149.19796
2025-01-19 00:00:00,31545077591.46757
2025-01-20 00:00:00,30853578523.09075
2025-01-21 00:00:00,31507679289.19797
2025-01-22 00:00:00,31883899272.86386
2025-01-23 00:00:00,31060369403.51217
2025-01-24 00:00:00,31962017436.00944
2025-01-25 00:00:00,31634574220.59596
2025-01-26 00:00:00,31919422812.29409
2025-01-27 00:00:00,31229856805.81609
2025-01-28 00:00:00,30247394377.3747
2025-01-29 00:00:00,29346346812.23645
2025-01-30 00:00:00,29826852785.20734
2025-01-31 00:00:00,30867377610.31027
2025-02-01 00:00:00,31354907312.4921
2025-02-02 00:00:00,29627454957.16657
2025-02-03 00:00:00,26681941000.56863
2025-02-04 00:00:00,27138226613.61013
2025-02-05 00:00:00,25926745906.89354
2025-02-06 00:00:00,26419882854.0607
2025-02-07 00:00:00,25427211850.16616
2025-02-08 00:00:00,25078376937.61971
2025-02-09 00:00:00,24927919212.14782
2025-02-10 00:00:00,24981679224.09202
2025-02-11 00:00:00,25048852502.99881
2025-02-12 00:00:00,24500683648.92107
2025-02-13 00:00:00,25690424588.69485
2025-02-14 00:00:00,25201734618.53557
2025-02-15 00:00:00,25570912385.53696
2025-02-16 00:00:00,25325713682.12368
2025-02-17 00:00:00,25049285865.45057
2025-02-18 00:00:00,25630798912.66289
2025-02-19 00:00:00,25152989716.70576
2025-02-20 00:00:00,25571162213.92147
2025-02-21 00:00:00,25848531668.91675
2025-02-22 00:00:00,25084769060.31091
2025-02-23 00:00:00,26044117218.08528
2025-02-24 00:00:00,26661829084.26617
2025-02-25 00:00:00,23571649957.69266
2025-02-26 00:00:00,23391616117.32684
2025-02-27 00:00:00,21896492505.659
2025-02-28 00:00:00,21637428528.68851
2025-03-01 00:00:00,20925003105.58587
2025-03-02 00:00:00,20898469215.87231
2025-03-03 00:00:00,23624236934.96953
2025-03-04 00:00:00,20290133754.45121
2025-03-05 00:00:00,20306332184.66881
2025-03-06 00:00:00,21252454407.78292
2025-03-07 00:00:00,20044381079.96577
2025-03-08 00:00:00,19971771916.71627
2025-03-09 00:00:00,20590046352.03193
2025-03-10 00:00:00,18994852078.54269
2025-03-11 00:00:00,17550933967.4455
2025-03-12 00:00:00,17956725487.31868
2025-03-13 00:00:00,17855783042.22055
2025-03-14 00:00:00,17457347491.39066
2025-03-15 00:00:00,17913617805.67596
2025-03-16 00:00:00,18107934626.20146
2025-03-17 00:00:00,17694862441.36952
2025-03-18 00:00:00,17940217823.17215
2025-03-19 00:00:00,18035671359.23007
2025-03-20 00:00:00,19225032625.56182
2025-03-21 00:00:00,18599161419.81619
2025-03-22 00:00:00,18368907425.62268
2025-03-23 00:00:00,18497386089.27433
2025-03-24 00:00:00,18790164072.94557
2025-03-25 00:00:00,19561977868.98082
2025-03-26 00:00:00,19320477240.36777
2025-03-27 00:00:00,19009551468.06755
2025-03-28 00:00:00,18735696520.62053
2025-03-29 00:00:00,17876625208.28188
2025-03-30 00:00:00,17117355083.58268
2025-03-31 00:00:00,16901782336.25996
2025-04-01 00:00:00,17114913327.4921
2025-04-02 00:00:00,17840828505.19527
2025-04-03 00:00:00,16841336395.68999
2025-04-04 00:00:00,17060660906.93767
2025-04-05 00:00:00,17045602463.13294
2025-04-06 00:00:00,16965508210.66023
2025-04-07 00:00:00,14756977166.43995
2025-04-08 00:00:00,14652039118.72832
2025-04-09 00:00:00,13779794667.75393
2025-04-10 00:00:00,15430675899.10567
2025-04-11 00:00:00,14428100688.84266
2025-04-12 00:00:00,14691027879.10274
2025-04-13 00:00:00,15328792669.62143
2025-04-14 00:00:00,14783410798.79149
2025-04-15 00:00:00,15107944468.0964
2025-04-16 00:00:00,14841878256.61916
2025-04-17 00:00:00,14688865983.52411
2025-04-18 00:00:00,14728004690.90097
2025-04-19 00:00:00,14778751782.26965
2025-04-20 00:00:00,14955922933.33566
2025-04-21 00:00:00,14878199097.10778
2025-04-22 00:00:00,14599768447.09677
2025-04-23 00:00:00,16273201917.58959
2025-04-24 00:00:00,16629598563.14639
2025-04-25 00:00:00,16407426588.72449
2025-04-26 00:00:00,16551204914.82876
2025-04-27 00:00:00,17033277319.53868
2025-04-28 00:00:00,16592870321.76508
2025-04-29 00:00:00,16649672726.78342
2025-04-30 00:00:00,16630227105.49475
2025-05-01 00:00:00,16569438128.8504
2025-05-02 00:00:00,16945190375.76944
2025-05-03 00:00:00,16941398958.90296
2025-05-04 00:00:00,16878045766.70359
2025-05-05 00:00:00,16589440413.69727
2025-05-06 00:00:00,16698451494.55643
2025-05-07 00:00:00,16858372775.07811
2025-05-08 00:00:00,16714481730.13743
2025-05-09 00:00:00,20171118029.18281
2025-05-10 00:00:00,21684208093.58347
2025-05-11 00:00:00,23247906315.15259
2025-05-12 00:00:00,23164234168.61108
2025-05-13 00:00:00,22632781380.17665
2025-05-14 00:00:00,24565108436.19733
2025-05-15 00:00:00,23887234854.48096
2025-05-16 00:00:00,23235660527.05762
2025-05-17 00:00:00,23320532254.49732
2025-05-18 00:00:00,22620649586.85651
2025-05-19 00:00:00,22321593292.75307
2025-05-20 00:00:00,22968337420.18622
2025-05-21 00:00:00,22810598214.14492
2025-05-22 00:00:00,23140141635.01551
2025-05-23 00:00:00,24007687451.53896
2025-05-24 00:00:00,22825754058.89171
2025-05-25 00:00:00,22715264957.85266
2025-05-26 00:00:00,22971934221.3523
2025-05-27 00:00:00,23058695473.4037
2025-05-28 00:00:00,23872194401.86819
2025-05-29 00:00:00,24303108599.02817
2025-05-30 00:00:00,23361868891.56179
2025-05-31 00:00:00,22691942168.30658
2025-06-01 00:00:00,22610133573.58971
2025-06-02 00:00:00,22777295889.21096
2025-06-03 00:00:00,23476761187.76
2025-06-04 00:00:00,23295526858.72617
2025-06-05 00:00:00,23416675130.28085
2025-06-06 00:00:00,21717171088.15611
2025-06-07 00:00:00,22282229224.16133
2025-06-08 00:00:00,22646375186.86513
2025-06-09 00:00:00,22518165347.53834
2025-06-10 00:00:00,24177781271.63712
2025-06-11 00:00:00,25494775321.32103
2025-06-12 00:00:00,25143134872.38852
2025-06-13 00:00:00,23213996312.61518
2025-06-14 00:00:00,23315709198.45841
2025-06-15 00:00:00,23034258809.70026
2025-06-16 00:00:00,23183848341.88114
2025-06-17 00:00:00,23142194565.91497
2025-06-18 00:00:00,22961965706.29837
2025-06-19 00:00:00,22994614748.6943
2025-06-20 00:00:00,23109878112.51648
2025-06-21 00:00:00,21990069339.38711
2025-06-22 00:00:00,20562258014.82375
2025-06-23 00:00:00,20603792260.87601
2025-06-24 00:00:00,22220070689.5421
2025-06-25 00:00:00,22403447692.26764
2025-06-26 00:00:00,22156514883.4446
2025-06-27 00:00:00,22051279578.60359
2025-06-28 00:00:00,22047490228.33023
2025-06-29 00:00:00,22216234181.87664
2025-06-30 00:00:00,22776902359.61979
2025-06-30 15:19:35,22388898752.82163
